repo_name,push_events,total_commits,avg_commits_per_push,max_commits_in_single_push,distinct_pushers,active_months,stars_gained_2025,forks_gained_2025,first_push_in_period,last_push_in_period
freefastconnect/fastconnect,3820044,3820043,1,1,1,8,1,0,2025-01-01 00:00:04 UTC,2025-08-13 17:10:18 UTC
adi224foreverg/globaldl,2654153,2654152,1,1,1,8,1,0,2025-01-01 00:01:13 UTC,2025-08-13 17:10:27 UTC
freeukapp/uk,2049831,1863586,0.9,1,1,12,0,1,2025-01-16 08:06:45 UTC,2025-12-31 23:55:09 UTC
brand22/d3,1982349,1982345,1,1,2,8,0,0,2025-01-01 00:45:04 UTC,2025-08-13 17:10:22 UTC
kpnsec/iplist,1650819,1378537,0.8,1,1,12,1,0,2025-01-01 00:01:13 UTC,2025-12-31 23:58:07 UTC
waqar0345/Sid,1201933,1002611,0.8,1,1,12,0,0,2025-01-01 00:01:21 UTC,2025-12-31 23:59:14 UTC
BurmeseTV/source,1119387,1119387,1,1,1,8,0,0,2025-01-01 00:00:05 UTC,2025-08-16 21:15:14 UTC
cdnjs/logs,1030448,1030447,1,1,2,9,3,1,2025-01-01 00:00:15 UTC,2025-09-30 11:00:26 UTC
anubiswb/api1,976103,976093,1,1,1,6,0,0,2025-02-19 14:39:44 UTC,2025-07-09 09:52:03 UTC
frdpzk3/ppub,960682,960682,1,1,1,4,0,0,2025-01-01 00:00:01 UTC,2025-04-28 07:40:47 UTC
tigerbeetle/devhubdb,851171,582890,0.7,1,4,12,2,1,2025-01-01 00:07:51 UTC,2025-12-31 23:59:37 UTC
Risk-DAO/simulation-results,712120,680742,1,1,1,12,0,0,2025-01-01 00:01:12 UTC,2025-12-31 23:56:54 UTC
sidarthus89/EVE-Data-Site,653020,181210,0.3,2,1,4,0,0,2025-09-06 04:25:08 UTC,2025-12-31 23:51:56 UTC
sidarthus89/EVE-Data-Site-Dev,643623,178098,0.3,1,1,4,0,0,2025-09-06 19:49:38 UTC,2025-12-31 23:51:56 UTC
imyhacker/hijaw,635225,625668,1,6,1,10,0,0,2025-01-01 00:00:11 UTC,2025-10-23 14:04:39 UTC
HughODwyer90/hugh.casa,617574,551385,0.9,1,1,12,0,0,2025-01-06 10:46:22 UTC,2025-12-13 21:00:50 UTC
APKs-dl/RenGO,606447,510075,0.8,1,1,12,0,0,2025-01-01 00:00:04 UTC,2025-12-31 23:59:00 UTC
neutral-trade/vaults-data,554887,535294,1,116,3,11,1,0,2025-01-01 00:00:19 UTC,2025-11-01 14:01:12 UTC
ryuuwiz/reforestation,518106,508025,1,24,1,10,0,0,2025-01-04 14:10:01 UTC,2025-10-27 07:44:07 UTC
ruef/ass,508686,399271,0.8,1,1,8,0,1,2025-01-01 00:00:00 UTC,2025-12-31 23:58:38 UTC
1992513/djy,493057,353499,0.7,1,2,10,0,0,2025-01-01 00:09:14 UTC,2025-12-31 23:59:38 UTC
aliahmt83/.-solitary.,491702,303721,0.6,1,1,12,0,0,2025-01-01 09:56:45 UTC,2025-12-31 23:30:03 UTC
mario-97/proyecto-cripto-data,468168,263835,0.6,1,1,6,0,1,2025-07-15 01:19:55 UTC,2025-12-31 15:44:11 UTC
xiaoandy1974g/gdl,466660,243081,0.5,1,1,5,0,0,2025-08-14 15:29:56 UTC,2025-12-31 23:58:38 UTC
traosn/ServerHealthStatus,464222,276588,0.6,2,1,4,0,1,2025-08-11 19:58:55 UTC,2025-11-09 16:15:31 UTC
bugbounted/auto-commit,457602,391308,0.9,1,1,12,1,1,2025-01-01 00:00:28 UTC,2025-12-31 23:58:03 UTC
Lesleybs2/datateam_zones,455493,397914,0.9,1,1,12,0,0,2025-01-01 04:04:38 UTC,2025-12-29 04:01:04 UTC
junjun88888/my-github-pages,432865,430987,1,1,1,10,0,0,2025-01-02 01:54:59 UTC,2025-10-20 13:53:50 UTC
hobakpi/Pi-Monitor,432680,25475,0.1,1,1,4,0,0,2025-09-16 09:01:23 UTC,2025-12-31 23:58:33 UTC
davidfue/RIF-Layoff-Dataset,415574,294094,0.7,1,1,8,2,0,2025-05-01 02:06:18 UTC,2025-12-31 23:59:49 UTC
1992513/ntdtv,406380,308063,0.8,1,2,10,1,0,2025-01-01 00:09:47 UTC,2025-12-31 23:59:34 UTC
wusiuyu/hknews,392761,308087,0.8,1,1,12,0,1,2025-01-01 00:00:11 UTC,2025-12-31 23:46:15 UTC
Elunard/GTScript,385829,287432,0.7,1,1,12,0,0,2025-01-01 01:06:37 UTC,2025-12-31 19:27:30 UTC
LaTribuWeb3/risk-data-repo,382556,382556,1,1,1,8,0,1,2025-01-01 02:16:34 UTC,2025-08-19 07:59:11 UTC
globalimagess/nvperp,374879,284625,0.8,1,1,12,0,0,2025-01-01 00:00:03 UTC,2025-12-31 23:58:02 UTC
RaglemL/target,369488,307811,0.8,1,1,12,0,0,2025-01-01 00:00:46 UTC,2025-12-31 23:59:47 UTC
alexTvirus/bookmark_title,369241,307600,0.8,1,1,12,0,0,2025-01-01 00:00:42 UTC,2025-12-31 23:58:41 UTC
RaglemL/source,368841,307794,0.8,1,1,12,0,0,2025-01-01 00:00:45 UTC,2025-12-31 23:59:46 UTC
donaldsouza/current-date,363899,303723,0.8,1,1,12,0,0,2025-01-01 00:00:41 UTC,2025-12-31 23:58:14 UTC
Vsonneveld/foroxity-genres,361386,300303,0.8,1,1,12,0,0,2025-01-01 00:00:54 UTC,2025-12-31 23:59:32 UTC
Alhasan-softwear/simple,350296,293136,0.8,1,1,12,0,0,2025-01-01 00:00:03 UTC,2025-12-31 23:59:02 UTC
jmp1016/cm_eps,349221,291869,0.8,1,1,12,0,0,2025-01-02 15:23:18 UTC,2025-12-31 23:59:05 UTC
supermobiteam2/Tizi,338002,338001,1,1,1,8,0,0,2025-01-01 00:00:08 UTC,2025-08-10 20:45:17 UTC
RayhanZuck/forUp,337287,337287,1,1,1,4,0,0,2025-01-16 13:03:23 UTC,2025-04-27 17:03:44 UTC
Chroiud/playercount,323929,323929,1,1,1,5,0,0,2025-01-01 00:00:11 UTC,2025-05-12 18:20:16 UTC
daniel7grant/time,323245,266434,0.8,81,1,12,0,0,2025-01-19 12:16:13 UTC,2025-12-31 23:59:03 UTC
BurmeseTV/ios,314786,314786,1,1,1,7,0,0,2025-01-01 00:00:06 UTC,2025-07-27 06:05:16 UTC
milesholt/autotrade1,302090,302090,1,1,1,8,0,0,2025-01-01 00:00:42 UTC,2025-09-05 01:01:48 UTC
anos-rgb/anos_dc,288763,8097,0,1,1,4,3,0,2025-09-25 05:14:03 UTC,2025-12-11 03:09:04 UTC
ordu1453/PI,282572,282572,1,1,1,6,0,0,2025-01-09 09:09:46 UTC,2025-06-04 10:27:06 UTC
rah-nejat/Azadi,276227,106994,0.4,1,1,7,0,0,2025-06-18 12:00:38 UTC,2025-12-16 20:23:14 UTC
hyperyuk/database,270531,270377,1,1,1,6,0,0,2025-06-09 10:31:02 UTC,2025-11-24 18:01:16 UTC
KaelLim/JSONFile,255494,255494,1,1,1,7,0,0,2025-01-01 00:00:53 UTC,2025-07-12 02:57:55 UTC
indmdev/indmshopbot,254621,157708,0.6,3,1,11,6,2,2025-01-22 15:01:02 UTC,2025-12-31 23:59:56 UTC
feedarchive/libera-newsbot-live,249818,221079,0.9,1,1,12,0,0,2025-01-01 00:03:34 UTC,2025-12-31 23:08:43 UTC
SSlam1234/StatSlamGameData,245427,237762,1,1,1,10,5,0,2025-01-01 00:00:09 UTC,2025-10-29 20:34:03 UTC
Ilikectrlmusic/auto_ip,239374,239374,1,1,1,6,0,0,2025-01-01 06:39:02 UTC,2025-07-22 07:01:02 UTC
Damirinho9/New-repository,238321,238321,1,1,1,9,0,0,2025-01-02 12:01:51 UTC,2025-09-01 20:58:43 UTC
frindler/repo-kavi,238001,158400,0.7,1,2,5,0,0,2025-01-01 01:15:06 UTC,2025-05-09 00:49:18 UTC
ScoreTVApp/livescoretvdata,234608,213521,0.9,8,1,11,0,1,2025-01-01 00:01:05 UTC,2025-11-28 15:43:22 UTC
farhan7reza7/hosters,232599,232792,1,2,1,4,5,1,2025-03-02 13:50:38 UTC,2025-09-03 10:51:54 UTC
vpnsuperapp/fast,231012,195448,0.8,1,1,12,0,1,2025-01-01 00:00:04 UTC,2025-12-31 23:40:17 UTC
strozoid/Milf,228599,228599,1,1,1,7,0,0,2025-01-01 00:00:05 UTC,2025-07-19 13:59:14 UTC
elmalba/data,227521,216072,0.9,1,1,8,0,0,2025-03-05 07:20:04 UTC,2025-10-29 11:54:23 UTC
Fuuhou/tes,227162,227156,1,1,1,7,0,0,2025-01-01 00:00:05 UTC,2025-12-30 04:15:11 UTC
Helikopter-Bojowy/Exp-na-helikopterze,220896,168529,0.8,1,1,12,0,0,2025-01-01 00:00:06 UTC,2025-12-31 23:59:14 UTC
absgeoviz/sicada,213685,164757,0.8,1,1,12,1,1,2025-01-01 00:00:10 UTC,2025-12-31 23:30:54 UTC
WorldHealthOrganization/tng-cdn-uat,205043,378977,1.8,1,4,11,0,0,2025-02-04 00:00:04 UTC,2025-12-31 18:00:09 UTC
marcgoebel/Finanzanalyse-projekt,204399,156477,0.8,1,1,9,1,0,2025-04-10 01:26:49 UTC,2025-12-22 18:13:34 UTC
mrantonyara/iOSWidgetUniversam,204320,154847,0.8,1,1,12,0,0,2025-01-01 00:02:08 UTC,2025-12-31 23:59:15 UTC
GPREVI/ListaBanida,204265,204265,1,1,1,6,0,0,2025-01-01 00:00:07 UTC,2025-06-16 03:54:06 UTC
pmrappelet/Demo,203964,201307,1,1,1,12,0,0,2025-01-01 00:05:50 UTC,2025-12-02 08:00:32 UTC
Hannahejacruw3/DeFiSecurityAuditor,202528,197008,1,1,1,10,5,1,2025-01-01 00:00:48 UTC,2025-10-26 16:59:33 UTC
rmhp-electrical/status,196836,192249,1,328,1,10,0,0,2025-01-03 09:41:01 UTC,2025-10-30 07:42:55 UTC
indmdev/Telegram-Store-MiniApp,195094,98132,0.5,3,1,7,8,1,2025-06-22 05:39:27 UTC,2025-12-31 23:59:31 UTC
SenpaiSharp/Yuri-Feed-Skeleton,188561,188580,1,2,1,11,0,0,2025-01-14 20:07:54 UTC,2025-12-09 10:33:30 UTC
nadiva-anggraini/github-commit,188058,189049,1,470,2,9,0,0,2025-01-01 01:08:55 UTC,2025-09-22 16:54:34 UTC
strozoid/Hen,187319,187319,1,1,1,7,0,0,2025-01-01 00:00:30 UTC,2025-07-19 14:03:05 UTC
Saleh7/BadTrafficData,182868,170428,0.9,24,1,12,3,0,2025-01-01 00:00:22 UTC,2025-12-31 23:58:41 UTC
absgeoviz/dummy_data,182471,175470,1,1,1,12,0,1,2025-01-01 00:00:14 UTC,2025-12-03 08:30:19 UTC
PotatoesSkill/2,180369,150961,0.8,1,1,12,0,1,2025-01-01 00:01:36 UTC,2025-12-31 19:30:51 UTC
dalialabs/ba35cac18e56e1c1b6f2,179948,150370,0.8,7,1,12,0,0,2025-01-01 00:05:17 UTC,2025-12-31 23:45:19 UTC
b74laser/LakeShore,179540,142247,0.8,1,1,10,0,0,2025-02-24 17:05:41 UTC,2025-12-11 20:46:17 UTC
opentimestamps/nist-inject,179166,149960,0.8,21,1,12,4,0,2025-01-01 00:00:32 UTC,2025-12-31 23:58:14 UTC
ctrl-i/cwx,176452,104092,0.6,12,1,12,0,1,2025-01-01 00:01:11 UTC,2025-12-31 23:59:04 UTC
ucla-physicalsciences/cta-psct.physics.ucla.edu,176200,146119,0.8,1,1,12,0,0,2025-01-01 00:00:29 UTC,2025-12-31 23:59:02 UTC
SSlam1234/StatSlamImagesCDN,167918,166506,1,1,1,10,0,0,2025-01-07 09:00:50 UTC,2025-10-28 09:08:29 UTC
moutonh/Pioneer,165804,135923,0.8,1,1,12,0,0,2025-01-01 22:10:00 UTC,2025-12-31 23:51:01 UTC
5zandorcvh3U/NFT,162669,90542,0.6,1,1,6,2,0,2025-07-22 14:49:41 UTC,2025-12-29 21:35:17 UTC
devpoole2907/helldivers-api-cache,162380,158621,1,1,2,12,0,0,2025-01-01 00:05:07 UTC,2025-12-31 23:56:57 UTC
hadoopirc/main,161739,147346,0.9,24,1,11,0,0,2025-01-01 00:00:09 UTC,2025-11-24 07:28:04 UTC
harness-automation/Gitx-automation,161718,188544,1.2,255,3,12,0,2,2025-01-01 04:49:11 UTC,2025-12-31 21:28:13 UTC
kangatec/trunk,161329,147014,0.9,23,1,11,0,0,2025-01-01 00:00:09 UTC,2025-11-24 07:36:04 UTC
cjchandler/last_update_repo,161239,121360,0.8,15,1,12,0,0,2025-01-01 00:05:28 UTC,2025-12-31 23:55:53 UTC
WorldHealthOrganization/tng-cdn-dev,161149,312519,1.9,1,5,12,0,0,2025-01-01 00:00:05 UTC,2025-12-31 23:50:18 UTC
cratalsinc/master,159509,145404,0.9,24,1,11,0,0,2025-01-01 00:00:07 UTC,2025-11-24 07:22:04 UTC
tradingview/scanner-check,157774,129053,0.8,3,6,12,6,3,2025-01-01 00:01:17 UTC,2025-12-31 23:48:48 UTC
nhan0o22/proxy,156794,157497,1,107,1,5,8,1,2025-01-18 17:11:48 UTC,2025-05-31 17:23:52 UTC
DrXSolutions8/Image-Dr.X-Solution-8,155475,142944,0.9,1,1,12,0,0,2025-01-01 03:19:57 UTC,2025-12-31 18:06:12 UTC
DrXSolutions4/Image-Dr.X-Solution-4,155465,143042,0.9,1,1,12,0,0,2025-01-01 03:19:54 UTC,2025-12-31 18:12:00 UTC
MrTuoi/Image-Dr.X-Solutions,155413,143027,0.9,1,1,12,0,0,2025-01-01 03:19:14 UTC,2025-12-31 13:47:52 UTC
DrXSolutions/Image-Dr.X-Solution-2,155384,143054,0.9,1,1,12,0,0,2025-01-01 03:19:53 UTC,2025-12-31 18:11:37 UTC
DrXSolutions2/Image-Dr.X-Solution-3,155350,142936,0.9,1,1,12,0,0,2025-01-01 03:19:55 UTC,2025-12-31 18:11:41 UTC
DrXSolutions6/Image-Dr.X-Solution-6,155073,142690,0.9,1,1,12,0,0,2025-01-01 03:19:56 UTC,2025-12-31 18:12:01 UTC
cimBrandon/Data,155062,129587,0.8,1,1,12,0,0,2025-01-01 22:32:40 UTC,2025-12-31 22:41:16 UTC
DrXSolutions9/Image-Dr.X-Solution-9,155012,142654,0.9,1,1,12,0,0,2025-01-01 03:19:58 UTC,2025-12-31 18:06:12 UTC
DrXSolutions10/Image-Dr.X-Solution-10,155006,142673,0.9,1,1,12,0,0,2025-01-01 03:20:19 UTC,2025-12-31 18:06:11 UTC
DrXSolutions7/Image-Dr.X-Solution-7,155001,142631,0.9,1,1,12,0,0,2025-01-01 03:19:57 UTC,2025-12-31 18:05:56 UTC
DrXSolutions5/Image-Dr.X-Solution-5,154509,142145,0.9,1,1,12,0,0,2025-01-01 03:19:56 UTC,2025-12-31 18:01:58 UTC
regro-staging/cf-graph-countyfair,148696,110537,0.7,3,2,11,0,0,2025-01-07 17:36:29 UTC,2025-12-31 23:54:47 UTC
Blue-MM-Bot/bluemm,147574,138781,0.9,1,1,11,0,0,2025-01-01 00:00:08 UTC,2025-11-02 21:56:07 UTC
Danielcdlrh2/Youtube-Bot,146824,146824,1,1,1,5,2,1,2025-01-01 00:00:55 UTC,2025-05-09 09:35:25 UTC
altinsoft/public-repo,144848,120271,0.8,1,1,12,0,0,2025-01-01 00:17:44 UTC,2025-12-31 23:32:20 UTC
duzaq/respeitoPet,142932,140780,1,1,1,12,0,0,2025-01-01 00:00:56 UTC,2025-12-18 07:50:52 UTC
veloceapps/veloce-releases,142006,142006,1,1,1,5,0,0,2025-01-02 08:40:41 UTC,2025-05-13 16:41:14 UTC
yuuk-64-gi-0/unofficial_LiveSchedule_Data,140951,140998,1,36,1,5,0,0,2025-01-01 00:00:06 UTC,2025-05-17 09:04:05 UTC
bgrgicak/Playground-compatibility-reports,139798,1257607,9,155,1,10,0,0,2025-01-01 00:00:15 UTC,2025-10-21 07:41:40 UTC
FelipeBaglioliUFPR/pollution_parana,137973,132435,1,1,1,12,0,1,2025-01-02 21:12:05 UTC,2025-12-29 18:57:46 UTC
Nerkhasar/public,136614,136614,1,1,1,7,0,0,2025-01-01 04:29:03 UTC,2025-07-05 16:33:02 UTC
nrwall/flights,135391,78980,0.6,1,1,7,0,0,2025-01-03 21:40:39 UTC,2025-12-30 05:59:19 UTC
Bogdan4308/Krokus,134599,134591,1,1,1,9,0,0,2025-01-01 00:00:15 UTC,2025-10-18 08:59:21 UTC
Asylumbrain/image-storag,134506,134406,1,1,1,4,0,0,2025-07-05 13:20:30 UTC,2025-10-20 05:00:09 UTC
cjchandler/incubator,133963,134129,1,20,1,5,0,0,2025-01-01 00:01:11 UTC,2025-05-02 14:16:50 UTC
hotspotlab/super,131867,131867,1,2,2,7,0,0,2025-03-15 02:45:00 UTC,2025-09-24 11:48:46 UTC
aalimas/MEMPTV3,130146,125745,1,1,1,12,0,0,2025-01-14 12:31:53 UTC,2025-12-31 16:19:35 UTC
nowinotfound/deploy-serv,130119,74516,0.6,16,2,7,0,0,2025-06-24 13:53:26 UTC,2025-12-31 23:59:51 UTC
supershell2019/images,129963,108712,0.8,1,1,12,0,1,2025-01-01 00:00:06 UTC,2025-12-31 23:50:06 UTC
MaybeNotWrong/lc-sep,128276,111936,0.9,1,1,12,0,0,2025-01-01 00:01:39 UTC,2025-12-31 23:37:24 UTC
strozoid/Ecchi,125545,125545,1,1,1,7,0,0,2025-01-01 00:01:03 UTC,2025-07-19 13:59:06 UTC
lbunproject/BASEswap-api-price,124921,104352,0.8,1,1,12,0,0,2025-01-01 01:20:22 UTC,2025-12-31 23:57:53 UTC
441123099/batch-a-lots-of-things,119095,71770,0.6,1,1,5,0,1,2025-08-23 08:51:03 UTC,2025-12-24 13:33:43 UTC
eliotblow/long-term-care-docs,118826,4074,0,1,1,4,0,0,2025-09-16 15:17:44 UTC,2025-12-31 23:55:07 UTC
PotatoesSkill/artsyglitchtxt,118441,98727,0.8,1,1,12,0,0,2025-01-01 00:02:35 UTC,2025-12-31 19:26:48 UTC
dekhopro/dekho,115783,69522,0.6,1,1,11,0,0,2025-02-27 04:31:22 UTC,2025-12-31 20:49:48 UTC
moussaka217/repo,115491,73408,0.6,1,1,12,0,0,2025-01-01 20:25:34 UTC,2025-12-21 05:30:00 UTC
galoshy/boots,115456,180,0,1,1,4,0,0,2025-09-21 18:38:09 UTC,2025-12-31 23:59:32 UTC
anubiswb/api11,114083,111748,1,1,1,6,0,1,2025-07-09 09:54:03 UTC,2025-12-31 23:00:04 UTC
RantuchoM/OFRN,113061,100240,0.9,4,1,12,0,0,2025-01-01 00:00:16 UTC,2025-12-31 23:55:27 UTC
HenryLoveMiller/img,109929,109929,1,1,1,8,0,0,2025-01-02 17:44:56 UTC,2025-08-17 23:15:29 UTC
photo2story/my-flask-app,109160,87304,0.8,2,1,12,0,0,2025-01-01 05:17:02 UTC,2025-12-31 21:48:38 UTC
Bytez-com/models,108849,109315,1,3,2,11,4,0,2025-01-01 08:08:54 UTC,2025-11-25 05:07:12 UTC
rawmean/stocks,106896,106896,1,1,1,7,0,0,2025-01-01 14:13:18 UTC,2025-07-11 23:05:20 UTC
smartcampusutp/SmartCampus_UTP,106509,12026,0.1,1,1,4,0,0,2025-09-15 18:40:07 UTC,2025-12-31 23:58:57 UTC
kuu/awscdk-app-automated-caption-placement-demo,106479,89521,0.8,1,1,12,1,0,2025-01-01 00:11:16 UTC,2025-12-31 06:10:58 UTC
BlockNG-Foundation/KudosScan,104309,89212,0.9,1,1,12,0,0,2025-01-01 00:00:31 UTC,2025-12-20 11:36:01 UTC
bittumon/iveco,103285,79884,0.8,1,1,12,0,0,2025-01-01 00:00:26 UTC,2025-12-31 23:57:10 UTC
rmayr/mhutchinson-distributor,103110,46378,0.4,1,1,4,0,0,2025-01-01 00:02:13 UTC,2025-10-22 11:53:30 UTC
rmayr/rediffusion,103046,46302,0.4,1,1,4,0,0,2025-01-01 00:03:59 UTC,2025-10-22 11:53:04 UTC
rgnq520/wzaz259,98464,98465,1,2,1,10,0,0,2025-01-01 00:01:03 UTC,2025-10-06 08:44:31 UTC
andreiraduta11/bet-etf,98181,84345,0.9,2,1,12,1,0,2025-01-13 12:03:33 UTC,2025-12-31 22:17:32 UTC
ImpactCoding/rr-player-database,98025,81801,0.8,1,1,12,0,0,2025-01-16 18:25:51 UTC,2025-12-28 18:44:25 UTC
strozoid/Ero,97134,97134,1,1,1,7,0,0,2025-01-01 00:00:26 UTC,2025-07-19 13:58:42 UTC
gripped/archpkgbuilds,95178,88826,0.9,7,1,12,0,0,2025-01-01 00:00:04 UTC,2025-12-31 23:13:18 UTC
jurikri/webhosting,95091,78173,0.8,14,1,12,0,0,2025-01-01 00:48:52 UTC,2025-12-31 23:59:50 UTC
anoop-kmr/ltdinia,94344,88994,0.9,1,1,12,0,0,2025-01-01 00:14:45 UTC,2025-12-31 23:38:28 UTC
tttooo222/-data-storage-v2,93780,37101,0.4,1,1,4,0,0,2025-07-24 11:12:47 UTC,2025-10-28 12:00:41 UTC
dewey-k/alphaco2,93405,53566,0.6,4,1,12,0,0,2025-01-01 03:50:04 UTC,2025-12-31 23:59:04 UTC
claude89757/free_https_proxies,92973,68901,0.7,1,1,12,9,0,2025-01-01 00:00:23 UTC,2025-12-31 23:57:42 UTC
emassobrarbe/webcams,92307,35217,0.4,1,1,5,0,0,2025-08-04 15:25:20 UTC,2025-12-31 23:59:03 UTC
PotatoesSkill/zelf,91155,85314,0.9,1,1,12,0,0,2025-01-01 00:02:37 UTC,2025-12-31 19:32:39 UTC
AnriEU/tg,91146,78340,0.9,1,1,12,2,0,2025-01-01 00:06:06 UTC,2025-12-31 23:01:57 UTC
Avedros9Iv/MEV-UniswapBot,90026,90026,1,1,1,5,3,1,2025-02-10 07:59:41 UTC,2025-06-18 08:18:45 UTC
joelchicas/halmar-daily-doge-chart,89410,89425,1,12,1,10,0,0,2025-01-01 21:46:03 UTC,2025-10-04 20:21:03 UTC
krot4u/Public_scripts,88935,73986,0.8,1,1,12,0,0,2025-01-01 00:00:14 UTC,2025-12-31 23:50:08 UTC
geosdi/mappe_scenari_sismici,87898,74863,0.9,3,1,12,0,0,2025-01-01 00:31:45 UTC,2025-12-31 23:59:16 UTC
DrMineword/databasd_and_randomthings_wscd,87641,87641,1,1,1,6,0,0,2025-01-01 13:01:27 UTC,2025-06-29 04:40:32 UTC
updata2/taoanhfree,86560,25728,0.3,1,1,4,0,0,2025-09-06 08:13:07 UTC,2025-12-31 23:59:53 UTC
ChiesiMario/RSS-Feed,86261,86260,1,1,1,9,0,0,2025-01-01 02:33:22 UTC,2025-09-24 11:15:53 UTC
89264759482ss/getip,86141,66899,0.8,11,1,12,0,0,2025-01-01 00:02:29 UTC,2025-12-29 08:00:51 UTC
seragu9/botch,84480,84480,1,1,1,5,1,0,2025-01-01 00:03:02 UTC,2025-05-23 05:50:54 UTC
TalibAzir/AllahPadishah,83940,83940,1,1,1,8,0,0,2025-01-04 18:05:27 UTC,2025-08-30 15:41:35 UTC
EarthSciML/EarthSciMLBase.jl-gov.public,83412,71092,0.9,1,1,12,0,0,2025-01-01 00:54:55 UTC,2025-12-31 23:58:29 UTC
lilyxseo/push-commit,83272,96661,1.2,24,1,4,0,0,2025-01-01 00:01:04 UTC,2025-04-21 15:56:05 UTC
supervpnops/sl_for_ios_greenapp,83173,83173,1,1,1,4,0,0,2025-01-01 00:00:09 UTC,2025-04-20 22:00:07 UTC
UCSF-HPC/wynton-slash2,83067,68863,0.8,5,1,6,0,0,2025-07-15 21:20:12 UTC,2025-12-31 23:58:13 UTC
RERE1515rere1515/SHARAWOZ,83004,83004,1,1,1,6,0,0,2025-04-28 19:55:52 UTC,2025-09-04 20:25:21 UTC
mtaras0/rates,81826,65437,0.8,1,1,12,0,0,2025-01-01 02:00:49 UTC,2025-12-31 23:51:35 UTC
sdsfsag/Windows-Porn-Blocker,81477,81477,1,1,1,8,0,0,2025-01-03 19:31:07 UTC,2025-09-06 20:13:13 UTC
joelchicas/daily-doge-chart,80778,80788,1,6,1,10,0,0,2025-01-01 21:48:04 UTC,2025-10-02 22:20:04 UTC
Tempest-Solutions-Company/threat-feeds,80596,48963,0.6,1,1,6,4,0,2025-07-13 11:21:55 UTC,2025-12-31 23:38:57 UTC
Reloaded-Project/Reloaded-II.Index,80582,70454,0.9,1,1,12,1,0,2025-01-01 00:08:57 UTC,2025-12-23 04:14:47 UTC
d5user/WhatsappNew,79847,79870,1,4,2,4,0,0,2025-01-20 12:02:35 UTC,2025-04-01 12:55:25 UTC
mixman1177/live,79568,79567,1,1,1,6,0,0,2025-01-13 08:54:18 UTC,2025-10-20 05:43:03 UTC
richardqnguyen/personal,78547,62464,0.8,1,1,10,0,0,2025-03-09 02:01:15 UTC,2025-12-31 23:59:15 UTC
alandburns/StandardsData,77656,70127,0.9,1,1,12,0,3,2025-01-01 02:00:21 UTC,2025-12-25 02:00:42 UTC
rmousavi-raspberry/raspberrypitss,77603,77596,1,1,1,5,0,0,2025-05-02 14:26:36 UTC,2025-09-15 15:21:21 UTC
Nerkhasar/public,77556,49424,0.6,1,1,6,0,0,2025-07-05 17:47:27 UTC,2025-12-31 13:36:51 UTC
colarussoa/image-host,77265,54024,0.7,3,1,7,1,0,2025-05-06 16:49:38 UTC,2025-12-31 14:01:10 UTC
SeanFDZ/environmental-station,77182,46893,0.6,1,1,7,0,0,2025-06-18 00:28:14 UTC,2025-12-31 23:58:38 UTC
praticbouticpublic/backend,75519,75487,1,1,1,6,1,0,2025-07-29 14:19:53 UTC,2025-12-07 17:21:31 UTC
Plankmeister/sports-scores,73784,61532,0.8,1,1,12,0,0,2025-01-01 00:02:41 UTC,2025-12-31 23:57:40 UTC
api-onlines/matchs-today,73404,61958,0.8,1,1,12,0,0,2025-01-01 00:21:14 UTC,2025-12-31 23:55:08 UTC
Nox998464/imagestorage,73259,73259,1,1,1,6,0,0,2025-01-01 00:15:07 UTC,2025-06-18 01:13:15 UTC
booneema/CAD,73069,60826,0.8,1,1,12,0,0,2025-01-01 00:03:07 UTC,2025-12-31 23:57:38 UTC
EarthSciML/EnvironmentalTransport.jl-gov.public,72565,61559,0.8,1,1,12,0,0,2025-01-01 01:21:36 UTC,2025-12-31 23:53:10 UTC
Daviddasklarist/Blitzer.Map,72402,60427,0.8,1,1,12,1,0,2025-01-01 00:04:20 UTC,2025-12-31 23:59:08 UTC
welcom1985/thapcam,70689,60103,0.9,1,1,12,3,1,2025-01-01 00:00:08 UTC,2025-12-31 22:58:03 UTC
xu654/Manifest,70467,70467,1,1,2,5,6,4,2025-01-01 08:54:11 UTC,2025-05-07 12:56:30 UTC
extremelystiff/sandstormplayercount,70383,58180,0.8,1,1,12,0,0,2025-01-01 00:02:32 UTC,2025-12-31 23:57:28 UTC
genkin-he/news,70041,58091,0.8,4,2,12,2,5,2025-01-01 00:00:52 UTC,2025-12-31 23:55:47 UTC
9851392751/4079638272,69766,58655,0.8,1,1,12,0,0,2025-01-01 00:00:41 UTC,2025-12-31 23:50:25 UTC
GoogleCloudPlatform/composer-airflow,69279,56397,0.8,1,1,12,2,4,2025-01-03 07:06:27 UTC,2025-12-31 07:08:56 UTC
feedarchive/libera-feedbot-live,68858,62204,0.9,1,1,12,0,0,2025-01-01 00:04:57 UTC,2025-12-31 23:14:56 UTC
EarthSciML/AtmosphericDeposition.jl-gov.public,68211,57990,0.9,1,1,12,0,0,2025-01-01 00:00:21 UTC,2025-12-31 23:53:17 UTC
miltonscard/umap-dados,67655,48509,0.7,1,1,4,0,0,2025-08-10 02:13:46 UTC,2025-11-08 01:21:54 UTC
abid58b/FanCodePlaylist,67302,43103,0.6,1,2,12,5,0,2025-01-01 01:49:47 UTC,2025-12-31 23:45:27 UTC
ivantsonevsky/json,67254,127229,1.9,24,1,12,0,0,2025-01-01 00:01:12 UTC,2025-12-31 23:46:13 UTC
alleofortinet/blocklist,66756,55513,0.8,1,1,12,0,0,2025-01-01 00:00:07 UTC,2025-12-31 23:50:11 UTC
EthTrader/topic-limiting,66499,55569,0.8,10,1,12,0,0,2025-01-01 00:00:10 UTC,2025-12-31 23:55:04 UTC
AIGoalie/AI-Goalie,66366,62377,0.9,2,1,12,0,0,2025-01-01 00:00:01 UTC,2025-12-31 23:46:15 UTC
egorshulga/muenchen-baeder,66289,48039,0.7,1,1,9,0,0,2025-04-05 19:19:16 UTC,2025-12-29 18:03:03 UTC
btcgpt/data,66245,55378,0.8,1,1,12,0,0,2025-01-01 00:00:05 UTC,2025-12-31 23:55:04 UTC
Drvolks/shefford_qc,66020,60082,0.9,1,1,5,0,0,2025-01-01 00:02:03 UTC,2025-10-31 18:30:07 UTC
okielife/TempSensors,64917,55057,0.8,1,2,12,0,0,2025-01-01 00:00:08 UTC,2025-12-31 19:17:52 UTC
tomtenuta/ad-previews,63862,61867,1,1,1,12,0,0,2025-01-01 01:04:52 UTC,2025-12-31 16:39:29 UTC
gemabintang3108-prog/Dbtang,63609,63599,1,1,1,4,0,0,2025-08-07 18:50:21 UTC,2025-12-23 09:22:04 UTC
sunyufan000/ManifestHub,63407,311390,4.9,24,1,7,0,0,2025-03-26 15:34:17 UTC,2025-09-23 08:33:32 UTC
sitehostnz/ip-ua-data,63216,55375,0.9,8,3,12,3,2,2025-01-01 00:03:20 UTC,2025-12-31 23:55:34 UTC
Mead-Informatica/IOC,62867,53924,0.9,1,5,12,1,0,2025-01-01 00:15:05 UTC,2025-12-31 21:39:53 UTC
Sumon0096/ghd,62098,46006,0.7,1,1,12,0,0,2025-01-01 04:44:20 UTC,2025-12-31 18:21:51 UTC
974steph/domo,62033,56489,0.9,1,1,11,0,0,2025-01-01 05:00:12 UTC,2025-11-23 10:45:30 UTC
cubeca/cube-gov.public,61463,61463,1,1,1,8,0,0,2025-01-01 00:46:24 UTC,2025-08-15 06:48:14 UTC
concierge-at/pv-energy,61348,40084,0.7,1,1,8,0,1,2025-05-01 17:22:16 UTC,2025-12-31 23:55:06 UTC
reachash/StandardsData,61280,61286,1,2,1,7,0,0,2025-01-28 03:00:44 UTC,2025-07-02 03:19:11 UTC
supermobiteam2/Tizi,61148,38543,0.6,1,2,5,0,1,2025-08-11 10:58:32 UTC,2025-12-31 23:30:54 UTC
GraphStats/auto-commits,61130,72639,1.2,327,2,4,0,0,2025-08-03 08:19:26 UTC,2025-11-10 15:49:12 UTC
Fedric-Reform/Special-Treatment,60933,22875,0.4,1,1,5,0,0,2025-07-31 09:00:53 UTC,2025-11-11 11:40:43 UTC
supervpnops/sl_for_ios_obfuscation,60756,60756,1,1,1,8,0,0,2025-01-01 00:00:08 UTC,2025-08-27 06:00:27 UTC
breathium/wildfire,59944,51058,0.9,1,2,12,0,0,2025-01-01 00:12:55 UTC,2025-12-31 23:47:01 UTC
ArgoConfBot/ARG,59777,50187,0.8,1,1,12,0,0,2025-01-01 00:03:54 UTC,2025-12-31 23:58:22 UTC
ajityadav3079595/24cr,59455,47529,0.8,1,1,12,0,0,2025-01-29 18:52:40 UTC,2025-12-31 23:58:22 UTC
ZiecThanh09/dumping-database,59353,59353,1,1,1,5,0,0,2025-01-03 04:43:22 UTC,2025-05-05 10:28:21 UTC
Xie1340499205/tomorrow-and-after,58837,37750,0.6,1,1,4,0,1,2025-08-14 06:45:21 UTC,2025-11-14 07:06:09 UTC
turgut090/traffic,58749,47164,0.8,1,1,12,0,0,2025-01-01 00:02:35 UTC,2025-12-31 23:57:46 UTC
digitalocean-e2e/apps-deploy-on-push,58689,50032,0.9,1,2,12,0,0,2025-01-01 00:08:41 UTC,2025-12-31 23:52:36 UTC
bagrounds/obsidian-github-publisher-sync,58639,56597,1,9,2,12,0,0,2025-01-13 08:29:43 UTC,2025-12-31 20:23:22 UTC
snowmapofficial/reports,57356,44439,0.8,1,1,12,1,0,2025-01-01 00:44:09 UTC,2025-12-31 17:04:07 UTC
RioMMO/ProxyFree,57264,41428,0.7,1,1,9,6,0,2025-04-23 07:52:28 UTC,2025-12-31 23:53:46 UTC
VesrithbimfbM/Learnprofit,57013,35839,0.6,1,1,6,2,1,2025-07-11 22:10:35 UTC,2025-12-27 20:24:23 UTC
Emrithebq6Op/Open,57012,35748,0.6,1,1,6,1,1,2025-07-11 22:13:06 UTC,2025-12-27 20:24:29 UTC
8quovanejrbnDj/Passivesource,56936,35500,0.6,1,1,6,1,0,2025-07-11 22:10:22 UTC,2025-12-27 20:22:19 UTC
mirvoxenilKQJ/Passivetrade,56813,35629,0.6,1,1,6,1,0,2025-07-11 22:13:06 UTC,2025-12-27 20:22:22 UTC
Tevrinyjmbj6/Crypto,56701,35675,0.6,1,1,6,2,2,2025-07-11 22:06:31 UTC,2025-12-27 20:23:21 UTC
ZalthorqomY1F/Trade,56658,35539,0.6,1,1,6,0,0,2025-07-11 22:06:19 UTC,2025-12-27 20:20:38 UTC
MirathorllfqX4/Arbitrage_Trade,56463,35148,0.6,1,1,6,1,1,2025-07-12 13:37:40 UTC,2025-12-27 20:23:10 UTC
Aveldorh9FBi/Eth_Script,56437,35180,0.6,1,1,6,2,2,2025-07-12 13:37:27 UTC,2025-12-27 20:21:34 UTC
Pgarvithuvf69TB/Bot_Script,56402,35137,0.6,1,1,6,1,2,2025-07-12 13:39:21 UTC,2025-12-27 20:23:16 UTC
Ignara05GLwI/Trade_Bot,56370,35281,0.6,1,1,6,0,1,2025-07-12 13:34:21 UTC,2025-12-27 20:22:50 UTC
ylvanekcp56cdC/Eth_Trade,56359,35202,0.6,1,1,6,1,1,2025-07-12 13:41:39 UTC,2025-12-27 20:23:47 UTC
Norvithwad43IqR/Ether_Tip,56289,35072,0.6,1,1,6,1,0,2025-07-12 13:39:56 UTC,2025-12-27 20:23:54 UTC
realtime-trends/realtime-trends-data,56207,56204,1,1,1,9,0,0,2025-01-01 00:01:27 UTC,2025-09-11 16:10:46 UTC
Taldrenqgi3ie/Crypto_Signal,56132,35000,0.6,1,1,6,1,0,2025-07-12 13:36:07 UTC,2025-12-27 20:19:05 UTC
Vormirarp404fov/Crypto_Step,56066,34984,0.6,1,1,6,0,0,2025-07-12 13:41:26 UTC,2025-12-27 20:23:31 UTC
ZavithfpYmA/Auto_Hack,55976,34889,0.6,1,1,6,2,0,2025-07-12 13:41:09 UTC,2025-12-27 20:23:13 UTC
NelthirnqcAAL/Trade_Script,55811,34634,0.6,1,1,6,2,0,2025-07-12 13:40:41 UTC,2025-12-27 20:22:56 UTC
vinicius05051993/turing-integrator,55317,53864,1,4,2,7,0,0,2025-06-05 18:24:22 UTC,2025-12-09 12:38:49 UTC
EarthSciML/Emissions.jl-gov.public,54555,46253,0.8,1,1,12,0,0,2025-01-01 00:39:16 UTC,2025-12-31 23:49:18 UTC
Yneth/funny,53772,48671,0.9,1,1,10,0,0,2025-01-01 00:03:29 UTC,2025-12-31 23:50:35 UTC
direwolf-github/my-app,53415,44623,0.8,1,1,12,0,0,2025-01-01 00:06:07 UTC,2025-12-31 23:33:25 UTC
dannws/keywords,53290,53290,1,1,1,8,1,0,2025-01-01 00:02:02 UTC,2025-08-19 15:05:56 UTC
monitoramentov3lan/tcm-forquilha,53275,231,0,1,1,9,0,0,2025-04-02 01:31:17 UTC,2025-12-31 23:56:25 UTC
bsc-predict/bsc-predict-updater,53254,53252,1,1,1,8,1,1,2025-01-01 00:00:50 UTC,2025-08-31 18:21:20 UTC
pluralitybook/plurality-gov.public,52852,51544,1,1,1,10,0,0,2025-01-01 00:00:25 UTC,2025-10-24 17:35:18 UTC
EarthSciML/GasChem.jl-gov.public,52794,44806,0.8,1,1,12,0,0,2025-01-01 00:54:02 UTC,2025-12-31 23:57:05 UTC
LXC-9349/pjfuntop,51895,80049,1.5,490,1,11,0,0,2025-01-01 00:00:33 UTC,2025-12-31 22:48:17 UTC
nguoisuutam1985/bongda,51601,51600,1,1,1,10,1,0,2025-01-01 00:00:09 UTC,2025-10-04 23:55:09 UTC
selenium-sso-user/github-project,51514,43802,0.9,1,1,12,1,0,2025-01-01 16:44:51 UTC,2025-12-28 00:49:14 UTC
essentialradio/player,50845,26921,0.5,2,1,7,0,0,2025-06-22 13:28:29 UTC,2025-12-15 12:50:10 UTC
devmm12/data,50586,50586,1,1,1,8,0,0,2025-01-01 00:00:28 UTC,2025-08-10 18:17:00 UTC
SultanSakai/-,50511,31563,0.6,1,1,9,0,0,2025-04-18 12:37:54 UTC,2025-12-31 23:56:59 UTC
DevDrift/brawlhalla-data,50095,42442,0.8,1,1,12,0,1,2025-01-01 00:52:52 UTC,2025-12-31 21:26:19 UTC
paulosabayomi/threads-files,49946,45452,0.9,1,1,12,1,0,2025-01-01 00:10:13 UTC,2025-12-31 22:50:29 UTC
hmdfurniture/hmd-tracking,49573,33855,0.7,1,1,12,0,0,2025-01-06 12:08:46 UTC,2025-12-31 19:02:46 UTC
EarthSciML/Aerosol.jl-gov.public,49437,41895,0.8,1,1,12,0,0,2025-01-01 01:17:17 UTC,2025-12-31 23:51:29 UTC
allinoneapps/repo,48304,40437,0.8,1,1,12,0,0,2025-01-01 00:03:18 UTC,2025-12-31 23:53:10 UTC
EarthSciML/EarthSciData.jl-gov.public,48250,40871,0.8,1,1,12,0,0,2025-01-01 00:44:42 UTC,2025-12-31 23:53:31 UTC
EarthSciML/earthsci.dev-gov.public,48137,40812,0.8,1,1,12,0,0,2025-01-01 00:46:19 UTC,2025-12-31 23:53:50 UTC
suttacentral/bilara-data,47896,79172,1.7,99,8,12,8,6,2025-01-01 08:31:15 UTC,2025-12-31 23:53:41 UTC
SorenMika/MikaConfig,47586,47586,1,1,1,5,0,0,2025-01-01 00:00:12 UTC,2025-05-12 10:40:49 UTC
lucamorara/Livello-Fiumi-Anagrafiche,47257,39231,0.8,1,1,12,0,0,2025-01-01 00:07:07 UTC,2025-12-31 23:52:20 UTC
monetheistmd/WEB_DATABASE,47155,47149,1,1,1,7,1,1,2025-05-21 17:21:45 UTC,2025-12-28 22:33:35 UTC
gilgrissom/weather,46874,39227,0.8,1,1,12,0,0,2025-01-01 00:01:17 UTC,2025-12-31 23:41:18 UTC
johnkelaks/google-research,46615,46613,1,1,1,9,0,0,2025-01-01 01:50:31 UTC,2025-11-03 07:50:29 UTC
feralEndre/sensorinfov2,46165,35719,0.8,34,1,10,0,0,2025-03-18 11:03:31 UTC,2025-12-31 23:40:02 UTC
somemxdev/root,45741,42794,0.9,1,2,12,0,0,2025-01-01 00:01:41 UTC,2025-12-25 09:28:07 UTC
mustafa137608064/subdr,45385,45385,1,1,1,6,0,0,2025-01-01 10:17:42 UTC,2025-06-21 08:06:48 UTC
devfldinfo/Addressbook,45128,35178,0.8,1,2,10,0,1,2025-03-19 10:55:14 UTC,2025-12-31 01:06:42 UTC
gamesbykevin/placeholder,44868,33409,0.7,1,1,12,0,0,2025-01-01 00:00:14 UTC,2025-12-31 23:55:13 UTC
aktis-inc/glow-7kns,44433,30184,0.7,86,1,7,0,0,2025-06-21 03:44:18 UTC,2025-12-31 23:56:06 UTC
MicrosoftDocs/azure-docs-sdk-node,43285,37436,0.9,469,5,12,10,10,2025-01-01 00:08:42 UTC,2025-12-31 23:51:20 UTC
surdebmalya/baud-news-ss,43279,36467,0.8,1,1,12,0,0,2025-01-01 01:47:18 UTC,2025-12-31 23:24:40 UTC
TheDimPause/microblog.archive,43161,43160,1,1,1,10,0,0,2025-01-05 07:29:19 UTC,2025-10-16 17:53:01 UTC
apan1121/powerInfoV2,43062,35864,0.8,6,1,12,5,3,2025-01-01 00:10:05 UTC,2025-12-31 23:53:05 UTC
L4tifa/pribadii,42894,23135,0.5,1,1,11,0,0,2025-02-04 13:44:58 UTC,2025-12-26 06:16:20 UTC
sportzxapk/sportzx,42871,42871,1,1,1,9,6,1,2025-01-01 03:09:21 UTC,2025-09-18 11:47:38 UTC
samirhuf/positions,42598,42598,1,1,1,9,0,0,2025-01-01 02:48:07 UTC,2025-09-30 13:29:28 UTC
stijndm/micro.blog,42506,42504,1,1,1,10,0,0,2025-01-05 18:12:27 UTC,2025-10-18 17:27:00 UTC
Artemiy8543/Leaderbords,42485,39004,0.9,1,1,12,0,0,2025-01-01 16:23:12 UTC,2025-12-31 18:43:20 UTC
jeffrybp/pdodc,42347,33913,0.8,1,1,7,0,0,2025-06-11 08:26:41 UTC,2025-12-31 23:40:03 UTC
blast0rama/blast-o-rama.com,42260,42259,1,1,1,10,0,0,2025-01-07 15:13:30 UTC,2025-11-13 15:19:41 UTC
ashaott/ott,42024,11835,0.3,1,1,4,0,0,2025-09-15 17:08:25 UTC,2025-12-29 12:34:20 UTC
deriv-com/deriv-static-content,42005,42478,1,11,10,8,0,13,2025-01-02 05:48:02 UTC,2025-08-12 05:59:46 UTC
officenne/Public,41873,39664,0.9,1,1,12,0,0,2025-01-01 01:20:22 UTC,2025-12-31 22:12:06 UTC
bitwarden/ephemeral-environment-charts,41864,41998,1,89,8,10,3,0,2025-01-02 21:16:24 UTC,2025-10-21 19:03:42 UTC
t1hjn05n/stat,41229,35359,0.9,7,1,12,0,0,2025-01-01 00:00:05 UTC,2025-12-31 23:30:11 UTC
tunetc/Bot_telegram,41183,40872,1,1,1,10,0,0,2025-01-18 11:20:19 UTC,2025-12-21 00:00:07 UTC
JensSudibyo/kaltara,40908,40908,1,1,1,5,1,0,2025-01-03 10:27:07 UTC,2025-05-31 05:28:09 UTC
jqdwdty/wtm_hk,40646,1347604,33.2,495,1,7,0,0,2025-01-02 13:16:54 UTC,2025-07-10 07:07:21 UTC
wenchiehlee/Selenium-Actions.Auction,40415,40883,1,3,2,12,0,0,2025-01-02 06:47:55 UTC,2025-12-28 14:31:46 UTC
jqdwdty/wtm_tl,40101,343570,8.6,259,1,6,0,0,2025-01-02 13:16:53 UTC,2025-07-10 03:53:13 UTC
bitminetrackers/bmnr-data,40064,15561,0.4,1,1,5,0,0,2025-08-13 21:40:27 UTC,2025-12-31 23:59:16 UTC
adelo42/heartbeat,40013,40183,1,23,1,9,0,0,2025-01-01 00:03:52 UTC,2025-09-15 03:08:15 UTC
mpl-express/tfs.lol,39934,35534,0.9,9,1,12,0,0,2025-01-01 00:03:26 UTC,2025-12-31 23:54:25 UTC
coseos/datapoint,39006,39006,1,1,1,9,0,0,2025-01-05 21:20:48 UTC,2025-10-01 21:59:40 UTC
diagtunnet/cookies,38526,32539,0.8,2,1,12,0,0,2025-01-01 00:25:51 UTC,2025-12-31 23:30:32 UTC
MailMind-app/streamlit-dashboard,38455,38458,1,2,1,4,0,0,2025-06-16 21:44:19 UTC,2025-09-04 14:25:52 UTC
canalforme-official/app-data,37893,33152,0.9,1,1,12,0,0,2025-01-01 00:01:09 UTC,2025-12-31 23:29:30 UTC
erasmus-without-paper/ewp-registry-log-prod,37851,34521,0.9,4,1,12,0,0,2025-01-01 03:35:28 UTC,2025-12-31 12:10:49 UTC
cyclelou/Micro.blog,37203,37199,1,1,1,9,0,0,2025-01-02 15:35:50 UTC,2025-10-27 18:40:42 UTC
thevickypedia/JarvisMonitor,37199,33767,0.9,1,1,11,0,0,2025-01-22 14:52:16 UTC,2025-12-31 23:45:02 UTC
Mobius-One/leaderboard_json,37178,37193,1,9,1,6,0,0,2025-01-01 00:00:04 UTC,2025-06-05 21:30:04 UTC
devrx5/fdpi,37036,37036,1,1,1,6,0,1,2025-01-01 07:48:30 UTC,2025-06-07 07:28:27 UTC
Pluani/ygoanihelpbanlists,36858,17661,0.5,1,1,6,0,0,2025-07-06 02:12:18 UTC,2025-12-31 23:05:18 UTC
ministero-salute/it-fse-catalogs,36674,29981,0.8,1,3,12,2,1,2025-01-01 00:00:06 UTC,2025-12-31 00:02:36 UTC
fullfeeds/feeds,36636,28122,0.8,1,1,12,0,0,2025-01-01 00:04:12 UTC,2025-12-31 23:35:05 UTC
halakkitach/ONLINE,36484,37728,1,10,2,10,0,0,2025-03-22 14:03:12 UTC,2025-12-31 23:25:55 UTC
alexwu1603/afh_static,36403,36416,1,5,1,9,0,0,2025-01-01 00:00:35 UTC,2025-09-15 07:27:35 UTC
uddpmibojonegoro/blood-stock-update,36393,30460,0.8,19,1,12,0,0,2025-01-01 00:00:01 UTC,2025-12-31 23:59:16 UTC
FendrithtzarJd/Neo-Trade,36233,15042,0.4,1,1,5,2,0,2025-08-27 17:06:21 UTC,2025-12-27 20:24:26 UTC
ruldrith2fdKc/Sourcecode-Loan,36227,15069,0.4,1,1,5,3,2,2025-08-27 17:05:49 UTC,2025-12-27 20:20:35 UTC
orianshechter/blood-donation-addresses,36176,31052,0.9,2,2,12,0,0,2025-01-01 01:04:42 UTC,2025-12-31 23:19:21 UTC
UNRNMETEO/meteo,36119,30110,0.8,1,1,12,0,0,2025-01-01 00:01:31 UTC,2025-12-31 23:51:19 UTC
Mirvoxena17jFc/Go-Ethereum,36068,15074,0.4,1,1,5,1,0,2025-08-27 17:07:54 UTC,2025-12-27 20:24:17 UTC
manton/manton.org,35939,35940,1,2,1,7,0,0,2025-01-04 18:17:28 UTC,2025-07-07 20:51:43 UTC
wishonia/wishonia-gov.public,35931,35919,1,1,1,12,0,0,2025-01-01 00:58:02 UTC,2025-12-15 01:27:46 UTC
julianwagle/kommit-king,35862,29852,0.8,6,1,12,1,2,2025-01-01 00:00:03 UTC,2025-12-31 23:55:58 UTC
astarawork/anbar,35843,17316,0.5,1,1,6,0,0,2025-07-30 21:15:54 UTC,2025-12-31 23:30:27 UTC
mroutley/various_contrivances,35761,35761,1,1,1,9,0,0,2025-01-01 20:16:42 UTC,2025-09-14 17:23:08 UTC
baimaomiao/dog,35655,24726,0.7,1,1,12,0,0,2025-01-07 17:59:21 UTC,2025-12-31 23:56:45 UTC
markusbenjamin/kazanfutes,35626,28059,0.8,79,1,12,0,0,2025-01-01 00:00:26 UTC,2025-12-31 23:40:21 UTC
ryonive/Dalamud-Darkness-Repo,35586,29849,0.8,1,1,12,2,0,2025-01-01 00:01:06 UTC,2025-12-31 23:50:48 UTC
fdvorak/sandWind,35424,29629,0.8,1,1,12,0,0,2025-01-01 00:00:34 UTC,2025-12-31 23:50:35 UTC
mrmannet/mmn-lgbt,35332,35330,1,1,1,10,0,0,2025-01-07 22:33:48 UTC,2025-10-17 07:17:34 UTC
Reqrefusion/FreeCAD-Documentation-html,35229,23925,0.7,1,1,12,0,0,2025-01-01 00:05:33 UTC,2025-12-31 22:23:54 UTC
iChris/microblogarchive,35198,35198,1,1,1,9,0,0,2025-01-03 18:14:53 UTC,2025-09-02 02:05:01 UTC
gunnarr/gunnar-se,35129,35129,1,1,1,9,0,0,2025-01-04 11:10:50 UTC,2025-09-20 15:01:43 UTC
ju-ro/MyEPG,35016,29070,0.8,180,1,12,0,0,2025-01-01 18:39:21 UTC,2025-12-31 23:55:03 UTC
opentimestamps/restamp,34776,28871,0.8,2,1,12,2,0,2025-01-01 00:21:20 UTC,2025-12-31 23:53:34 UTC
9850392751/99456571,34586,29157,0.8,1,1,12,0,0,2025-01-01 00:00:30 UTC,2025-12-31 23:30:20 UTC
DFAewala/Ip-indicadores,34400,28805,0.8,1,1,12,0,0,2025-01-03 09:05:16 UTC,2025-12-31 23:55:30 UTC
tangankk/psychic-guacamole,34375,20563,0.6,1,1,12,0,0,2025-01-03 01:24:04 UTC,2025-12-29 11:14:14 UTC
tonghaoba8/png,34339,24905,0.7,1,1,12,0,0,2025-01-01 02:39:14 UTC,2025-12-31 04:15:52 UTC
LeapVPN/dataset,34204,29430,0.9,1,1,12,0,0,2025-01-05 07:17:07 UTC,2025-12-31 23:57:28 UTC
MrCreepTon/SampReborn,34098,28307,0.8,5,1,12,0,0,2025-01-01 00:05:04 UTC,2025-12-31 23:57:10 UTC
chrisxero/bitdepth-microblog,34035,34035,1,1,1,9,0,0,2025-01-01 13:46:34 UTC,2025-09-29 00:56:23 UTC
kaapow/Journal,33716,33716,1,1,1,9,0,0,2025-01-05 16:36:15 UTC,2025-09-06 19:38:52 UTC
MZhenkM/codes,33571,33571,1,1,1,9,0,0,2025-01-01 00:01:40 UTC,2025-09-10 22:54:01 UTC
hw630590/free-proxy-list,33521,20481,0.6,1,1,5,7,0,2025-04-07 09:17:23 UTC,2025-12-19 00:04:41 UTC
Googleshurick/Neshurick,33294,21247,0.6,1,1,9,0,0,2025-01-03 18:43:28 UTC,2025-11-29 13:43:39 UTC
lovemyliwu/uptime,33228,107683,3.2,4,1,9,0,0,2025-01-01 00:01:16 UTC,2025-09-03 03:40:21 UTC
Reqrefusion/FreeCAD-Documentation-Project,33179,22888,0.7,10,1,12,1,7,2025-01-01 00:05:32 UTC,2025-12-31 22:24:21 UTC
gipipsb/immagini,33091,23135,0.7,1,1,8,0,0,2025-01-01 07:34:23 UTC,2025-12-31 21:09:23 UTC
mpunk/portal_hal,33003,8894,0.3,2,1,4,0,0,2025-09-09 02:47:23 UTC,2025-12-31 23:58:32 UTC
danielraffel/ggb,32913,36273,1.1,1,2,12,0,0,2025-01-01 00:00:55 UTC,2025-12-31 23:56:00 UTC
thongdieptinhyeu/img,32906,15426,0.5,1,1,5,0,0,2025-08-01 13:05:40 UTC,2025-12-31 17:16:10 UTC
thepeacockproject/Contracts,32848,24252,0.7,2,2,12,1,1,2025-01-01 15:17:35 UTC,2025-12-31 22:21:22 UTC
kiang/taipower_data,32792,27123,0.8,5,1,12,1,0,2025-01-01 00:02:07 UTC,2025-12-31 23:52:07 UTC
wondernote/ds-images,32279,32279,1,1,1,5,0,0,2025-01-01 05:00:07 UTC,2025-05-27 03:01:38 UTC
JoeyTatu/MoreGreen,31957,26872,0.8,5,1,12,0,0,2025-01-01 00:00:04 UTC,2025-12-31 23:40:03 UTC
richkerrAlpha/transform,31857,31742,1,1,1,7,1,0,2025-06-07 22:39:50 UTC,2025-12-10 19:58:20 UTC
JackQuark/2025CloudDymWorkshop,31831,31918,1,6,1,4,1,0,2025-02-28 08:36:36 UTC,2025-05-27 05:01:27 UTC
TelegramPlayground/jw,31610,32613,1,10,1,6,0,0,2025-03-25 16:28:30 UTC,2025-08-01 04:04:37 UTC
naoestu/PS,31488,26305,0.8,1,1,12,0,1,2025-01-01 00:00:05 UTC,2025-12-31 21:00:59 UTC
Levi2288/resolver,31213,4640,0.1,1,1,4,0,0,2025-06-18 20:28:57 UTC,2025-11-19 09:00:44 UTC
CullieM/status,31169,83225,2.7,4,1,12,0,1,2025-01-01 00:19:47 UTC,2025-12-31 23:34:38 UTC
michael-maltsev/technion-histograms,30924,30096,1,4,8,12,0,1,2025-01-01 02:26:42 UTC,2025-12-31 15:06:23 UTC
updata2/z,30866,13450,0.4,1,1,7,0,0,2025-06-30 13:49:02 UTC,2025-12-31 23:54:35 UTC
EYEFRONT/anyway,30844,8835,0.3,3,1,12,0,0,2025-01-01 15:05:18 UTC,2025-12-18 20:07:08 UTC
Astrofili-Centesi/Magnet,30743,52878,1.7,9,2,12,1,0,2025-01-01 00:00:07 UTC,2025-12-31 23:50:06 UTC
lisnhaaw/datawrapper-csv,30520,25451,0.8,1,1,12,0,0,2025-01-01 00:01:14 UTC,2025-12-31 23:59:44 UTC
bloodchen/jinri_data,30452,25430,0.8,5,1,12,0,0,2025-01-01 00:00:06 UTC,2025-12-31 23:40:03 UTC
Nephasia/containerTemperature,30384,25820,0.8,43,1,12,0,0,2025-01-01 00:09:40 UTC,2025-12-27 11:18:42 UTC
prepheadrus/A_01,30014,30012,1,1,1,4,0,0,2025-02-02 19:42:17 UTC,2025-11-10 16:55:22 UTC
pzim-devdata/stats_tahoma,29955,25653,0.9,1,1,12,0,0,2025-01-07 07:26:47 UTC,2025-12-31 20:45:04 UTC
santhkhd/kerala_loto,29785,29861,1,1,2,6,0,0,2025-07-10 08:30:40 UTC,2025-12-23 10:39:15 UTC
pmgo-professor-willow/data-leekduck,29784,25309,0.8,1,2,12,0,0,2025-01-01 00:49:20 UTC,2025-12-31 23:58:24 UTC
Galthargy493Ni/Wallet-Risk-Checker,29761,22414,0.8,1,1,4,1,0,2025-08-07 11:37:43 UTC,2025-11-07 14:56:04 UTC
jfmartin67/numericcitizen-archives,29671,29670,1,1,1,10,0,0,2025-01-01 18:13:30 UTC,2025-10-14 21:10:38 UTC
Sulstice/Uptime-Cheminformatics,29664,44519,1.5,34,1,12,2,1,2025-01-01 00:21:40 UTC,2025-12-31 23:51:18 UTC
NeKzBot/trackmania-records,29452,25582,0.9,1,1,12,0,0,2025-01-01 00:08:09 UTC,2025-12-31 23:54:48 UTC
suancaicc/cf-ip,29439,26165,0.9,1,1,12,4,4,2025-01-07 05:48:31 UTC,2025-12-31 23:59:03 UTC
UTKAzureSentinelGithub/CheckPoint_IOCS_URL_FeedList,29113,27043,0.9,1,1,12,0,1,2025-01-01 00:03:56 UTC,2025-12-31 23:42:12 UTC
VitaliiTro/telegram_web_agent,29071,29089,1,3,1,8,0,0,2025-01-01 05:05:03 UTC,2025-08-01 13:10:28 UTC
roger21/ranked,28379,26312,0.9,2,2,12,0,0,2025-01-01 00:02:05 UTC,2025-12-31 23:53:11 UTC
Habegger-IT/8_382.BKJfios485_.JKDlffi4958,28320,20554,0.7,1,1,8,0,0,2025-01-24 13:38:46 UTC,2025-11-24 06:23:21 UTC
Googleshurick/name,28296,15451,0.5,1,1,7,0,1,2025-06-09 13:14:34 UTC,2025-12-08 18:57:42 UTC
StateDocuments/kansas-public,28286,28290,1,2,1,5,0,0,2025-01-01 00:18:21 UTC,2025-05-30 02:49:45 UTC
GeoportalIGM-ec/NTRIP-monitor,28239,47954,1.7,2,1,12,0,0,2025-01-01 01:04:49 UTC,2025-12-31 23:53:15 UTC
phuongkhpt/thoitiet,28149,28149,1,1,1,5,0,0,2025-01-01 00:05:05 UTC,2025-05-08 12:53:05 UTC
racingmodel/racing-visualizer,28073,18066,0.6,3,1,7,0,0,2025-06-09 16:25:11 UTC,2025-12-31 22:38:09 UTC
rrc011/tuempleo-ideal-status,27849,23719,0.9,2,1,12,0,0,2025-01-01 00:03:10 UTC,2025-12-31 23:53:45 UTC
cfc-pretorian/ip-maliciosa,27842,27360,1,1,2,12,1,1,2025-01-01 00:02:37 UTC,2025-12-31 04:25:46 UTC
ecocursos0850/loja,27791,23627,0.9,64,3,12,0,0,2025-01-01 08:00:06 UTC,2025-12-31 08:59:03 UTC
commonflower/lolipop,27601,16,0,1,1,5,0,0,2025-07-22 17:27:45 UTC,2025-12-31 22:05:47 UTC
jasonydog9/SpeechQBPublic,27032,18683,0.7,1,1,9,0,0,2025-04-03 15:10:35 UTC,2025-12-31 22:37:02 UTC
alhemora2727/happystorage,27012,23426,0.9,1,1,12,0,0,2025-01-01 01:13:41 UTC,2025-12-31 23:32:37 UTC
elsayedfarouk/public,26980,26980,1,1,1,9,0,1,2025-01-01 08:33:38 UTC,2025-09-14 09:27:49 UTC
eins-going/agrinews,26976,33299,1.2,21,1,5,0,0,2025-01-01 07:14:30 UTC,2025-08-08 08:37:23 UTC
blok30zalivanje/zalivanjeStabala,26969,14766,0.5,1,1,11,0,0,2025-02-23 10:04:58 UTC,2025-12-31 23:56:29 UTC
nychealth/nyccas-data,26790,19008,0.7,1,2,9,1,1,2025-04-03 11:45:22 UTC,2025-12-31 23:45:48 UTC
williewu-projects/my_dakboard_data,26502,9837,0.4,1,1,4,0,0,2025-09-01 18:11:08 UTC,2025-12-31 23:53:04 UTC
golindanojader/automaticCP,26497,30729,1.2,6,1,7,0,0,2025-06-18 18:34:40 UTC,2025-12-26 15:07:02 UTC
pysiaki-at-home/status-of-pysiaki,26451,22258,0.8,2,1,12,0,1,2025-01-01 00:00:25 UTC,2025-12-28 06:00:08 UTC
dongfg/status,26266,25295,1,22,2,6,0,0,2025-05-14 06:05:16 UTC,2025-10-21 05:36:26 UTC
Nir-Ohana/stonky-common,26106,26106,1,1,1,5,0,0,2025-01-01 00:05:39 UTC,2025-06-28 18:46:54 UTC
IDEMSInternational/plh-digital-content,25829,33267,1.3,387,8,12,0,1,2025-01-02 09:43:14 UTC,2025-12-29 21:42:10 UTC
pmgo-professor-willow/data-pokemongolive,25816,21961,0.9,1,2,12,0,0,2025-01-01 00:54:17 UTC,2025-12-31 23:55:16 UTC
lucasoribka/video,25746,23966,0.9,1,1,8,1,0,2025-04-10 23:55:25 UTC,2025-11-03 20:16:06 UTC
idmkdev/arzfun-launcher,25734,14920,0.6,1,3,7,0,0,2025-06-24 20:42:41 UTC,2025-12-31 23:55:05 UTC
asterinas/benchmark,25677,21702,0.8,2,2,12,0,1,2025-01-01 00:00:31 UTC,2025-12-31 23:35:58 UTC
engeles20/mym3ulinks,25606,25844,1,54,1,6,6,1,2025-01-01 00:06:30 UTC,2025-06-07 07:28:50 UTC
Walukapah/SRI-DATABASE,25518,11260,0.4,1,1,4,0,0,2025-09-13 08:47:46 UTC,2025-12-31 23:57:30 UTC
zhpphz/dxdhxq,25500,5185,0.2,1,1,6,0,0,2025-07-15 22:24:05 UTC,2025-12-31 16:38:14 UTC
nonkh/xoxz,25472,11,0,1,1,8,0,0,2025-01-01 09:43:51 UTC,2025-12-01 21:19:38 UTC
KNowledgeOnWebScale/spec-platform-static,25453,24406,1,1,1,12,0,0,2025-01-13 14:58:10 UTC,2025-12-31 23:51:56 UTC
RafaelDantasL/LotoHack,25386,21060,0.8,1,1,12,1,0,2025-01-01 00:24:11 UTC,2025-12-31 22:30:51 UTC
italia/anpr-opendata,25296,21746,0.9,1,2,12,2,1,2025-01-01 06:18:51 UTC,2025-12-30 10:18:36 UTC
cms-sw/cms-prs,25274,21704,0.9,1,1,12,0,0,2025-01-02 10:58:01 UTC,2025-12-31 20:58:54 UTC
makensweather/Observations,25255,12441,0.5,1,1,6,2,0,2025-07-30 20:33:56 UTC,2025-12-31 07:04:27 UTC
zeroteq/flask-news-scraper,25166,25165,1,1,1,10,1,1,2025-01-01 04:09:09 UTC,2025-10-12 04:33:04 UTC
1222zs/iodraw-files,25136,25136,1,1,1,6,0,0,2025-01-10 09:47:58 UTC,2025-08-06 09:10:54 UTC
extremelystiff/ISSL,25040,18923,0.8,1,1,10,0,0,2025-03-30 11:56:35 UTC,2025-12-31 23:56:27 UTC
corylwtsn/k8s-gitops,24995,48821,2,244,1,12,0,0,2025-01-01 00:03:23 UTC,2025-12-31 14:02:46 UTC
wanggi-hong/topology-mindmap,24946,12675,0.5,1,1,6,0,0,2025-07-24 16:33:20 UTC,2025-12-31 23:57:40 UTC
jitendra-unatti/fancode,24907,9359,0.4,1,1,5,2,0,2025-08-27 15:47:35 UTC,2025-12-31 23:44:07 UTC
Nitro4CSR/CSR2WorldRecordsDB,24895,20879,0.8,1,1,12,0,0,2025-01-01 00:01:34 UTC,2025-12-31 23:34:58 UTC
Migratory-Birds/WEB-Update-Notification,24733,17499,0.7,2,3,8,0,0,2025-05-01 03:00:15 UTC,2025-12-31 23:56:05 UTC
X-Hozmi/hozmi-adventure,24713,21004,0.8,6,1,10,0,0,2025-01-01 00:00:09 UTC,2025-12-31 00:40:11 UTC
GuruCICDCanary-Beta/CICDCanary,24592,20483,0.8,1,1,12,0,0,2025-01-01 00:11:56 UTC,2025-12-31 23:56:57 UTC
GuruCICDCanary-Prod-Release/CICDCanary,24540,20476,0.8,1,1,12,0,0,2025-01-01 00:03:26 UTC,2025-12-31 23:47:51 UTC
QTTECH2023/protein-molecules-v2,24499,5559,0.2,1,1,6,0,0,2025-07-21 10:30:20 UTC,2025-12-31 23:39:45 UTC
Bioconductor/status.bioconductor.org,24426,20091,0.8,3,1,12,0,0,2025-01-30 15:56:23 UTC,2025-12-31 23:55:31 UTC
sprattjack/potential-octo-parakeet,24425,20342,0.8,1,1,12,0,0,2025-01-01 00:01:31 UTC,2025-12-31 23:54:45 UTC
noironetworks/cicd-status,24399,20879,0.9,5,5,12,0,0,2025-01-01 00:10:03 UTC,2025-12-23 18:29:39 UTC
smaurice101/raspberrypitss,24330,23749,1,4,1,10,0,4,2025-01-06 13:33:51 UTC,2025-11-14 02:48:23 UTC
sprattjack/friendly-succotash,24306,20250,0.8,1,1,12,0,0,2025-01-01 00:01:22 UTC,2025-12-31 23:54:29 UTC
dante2004salazar/udd,24249,24249,1,1,1,5,0,0,2025-03-11 17:39:38 UTC,2025-08-12 00:09:08 UTC
pj-sekai-databook/prsk_yt_bot_json,24226,20240,0.8,1,1,12,0,0,2025-01-01 00:13:04 UTC,2025-12-31 23:58:44 UTC
GuruCICDCanary-Prod/CICDCanary,24157,20168,0.8,1,1,12,0,0,2025-01-01 00:10:51 UTC,2025-12-31 23:55:52 UTC
greatfire/news,24092,20126,0.8,1,1,12,0,0,2025-01-01 00:01:26 UTC,2025-12-31 23:54:36 UTC
SkyHelperBot/Prices,24067,19980,0.8,4,1,12,2,0,2025-01-01 00:01:32 UTC,2025-12-31 23:55:13 UTC
b74laser/HOBO,24061,14949,0.6,1,1,8,0,0,2025-04-22 08:38:34 UTC,2025-12-31 23:59:59 UTC
The-Forbidden-Trove/character_name_blacklist,24001,20104,0.8,1,1,12,0,0,2025-01-01 00:23:01 UTC,2025-12-31 23:19:07 UTC
alilawati87/pnf_eurousd,23893,19557,0.8,1,1,12,0,0,2025-01-05 06:48:37 UTC,2025-12-19 08:21:11 UTC
Angelo-student/iodraw-files,23723,23723,1,1,1,4,0,0,2025-01-13 05:24:32 UTC,2025-04-11 11:37:12 UTC
opendp/artifacts,23665,18401,0.8,1,2,12,0,1,2025-01-01 03:54:00 UTC,2025-12-31 04:13:38 UTC
kim-codefresh/multi-path-repo,23623,18059,0.8,4,4,4,0,0,2025-08-29 06:13:35 UTC,2025-11-17 16:35:22 UTC
aditya9738d/codewings_files,23617,21225,0.9,1,1,12,1,1,2025-01-01 00:00:46 UTC,2025-12-31 23:30:33 UTC
teisam/micro-dot-blog,23609,23608,1,1,1,10,0,0,2025-01-01 18:44:30 UTC,2025-10-23 20:07:47 UTC
krussll/metro,23599,19744,0.8,1,1,12,0,0,2025-01-01 00:01:11 UTC,2025-12-31 23:45:34 UTC
https-multiculturaltoolbox-com/prod,23594,4157,0.2,1,1,4,0,0,2025-09-24 05:45:30 UTC,2025-12-30 08:13:36 UTC
freemanb2/InSlippiLeaderboard,23437,38576,1.6,2,2,12,0,0,2025-01-01 00:02:49 UTC,2025-12-31 23:47:10 UTC
UICSplunk/BlockLists,23425,19985,0.9,2,1,12,0,0,2025-01-01 00:00:27 UTC,2025-12-12 05:04:16 UTC
NYUAD-CRC/hpc-load,23360,19510,0.8,8,1,12,0,0,2025-01-01 00:00:20 UTC,2025-12-31 23:45:21 UTC
The-Forbidden-Trove/poeninja-prices,23252,19536,0.8,1,1,12,0,0,2025-01-01 00:05:38 UTC,2025-12-31 23:50:06 UTC
EduardoProfe666/world-greetings,23249,20181,0.9,1,1,12,1,1,2025-01-01 00:00:31 UTC,2025-12-31 23:10:34 UTC
KubaBoi/ntk,23211,23219,1,6,1,8,0,0,2025-01-01 00:00:05 UTC,2025-08-17 18:00:03 UTC
Synthetixio/v3-contracts,23179,23689,1,13,2,7,0,0,2025-01-01 00:15:29 UTC,2025-07-23 03:16:09 UTC
ZonitoVFX/ZonitoVisuals,23049,21034,0.9,1,3,12,1,0,2025-01-05 17:03:30 UTC,2025-12-31 23:15:17 UTC
aref2232/txt,22977,23265,1,1,2,12,0,0,2025-01-01 00:00:12 UTC,2025-12-25 12:21:19 UTC
Jeyn-o/OC_Stalker,22932,10435,0.5,1,1,6,0,0,2025-07-08 12:12:37 UTC,2025-12-31 23:50:27 UTC
pronghornapp/config,22895,19322,0.8,4,1,12,0,0,2025-01-01 00:35:18 UTC,2025-12-31 23:43:00 UTC
unlimitedv/config,22818,19268,0.8,4,1,12,0,0,2025-01-01 00:35:21 UTC,2025-12-31 23:43:03 UTC
GyrfalconVPN/nodes,22801,19273,0.8,4,1,12,1,1,2025-01-01 00:35:19 UTC,2025-12-31 23:31:00 UTC
MicrosoftDocs/azure-docs-sdk-dotnet,22793,16474,0.7,91,4,8,7,4,2025-05-15 03:04:09 UTC,2025-12-31 23:46:56 UTC
Charcoal-SE/SmokeDetector,22726,21829,1,4,5,12,8,14,2025-01-01 00:27:18 UTC,2025-12-31 17:58:24 UTC
UltracoldAtomsLab/chamber_log,22657,19054,0.8,15,1,12,0,0,2025-01-01 00:00:09 UTC,2025-12-31 23:00:08 UTC
orev7s/v80lua,22638,290,0,1,1,4,0,0,2025-09-27 08:49:46 UTC,2025-12-31 23:59:29 UTC
mobinveisy/servergit,22599,17477,0.8,2,1,10,0,0,2025-03-16 17:10:03 UTC,2025-12-31 23:40:03 UTC
cxdsad/proxy_cheked,22464,22464,1,1,1,4,4,0,2025-01-04 08:01:16 UTC,2025-04-07 17:52:32 UTC
Dylan-Wung/guardian-one-web-home,22456,10224,0.5,2,1,5,0,0,2025-08-06 19:12:35 UTC,2025-12-31 23:58:45 UTC
CarlosDaza97/cyw-services,22355,132037,5.9,7,1,12,0,0,2025-01-01 01:02:51 UTC,2025-12-31 23:51:00 UTC
bnmnetp/reputablejournal,22305,22290,1,1,1,9,0,0,2025-01-01 02:59:45 UTC,2025-10-18 18:05:31 UTC
lupyuen/nuttx-metrics,22281,18587,0.8,4,1,12,0,0,2025-01-01 00:02:47 UTC,2025-12-31 23:08:43 UTC
rodlovesyou/tabelle,22269,18951,0.9,6,1,12,0,0,2025-01-01 00:06:16 UTC,2025-12-31 23:37:02 UTC
FearedFusionX/Ro-Status,22245,407792,18.3,23,1,12,0,0,2025-01-01 00:31:55 UTC,2025-12-31 23:55:09 UTC
amaralofertas/ofertas,22159,11691,0.5,1,1,4,0,0,2025-09-18 11:06:27 UTC,2025-12-19 20:29:14 UTC
pmgo-professor-willow/willow-pokedex,22121,18737,0.8,1,1,12,0,0,2025-01-01 00:44:42 UTC,2025-12-31 23:48:46 UTC
azamattok/images,22115,4478,0.2,1,1,4,0,0,2025-09-06 19:29:04 UTC,2025-12-29 10:42:58 UTC
pvme/pvme-settings,21833,18653,0.9,3,5,12,0,1,2025-01-01 00:00:07 UTC,2025-12-31 23:45:02 UTC
SazumiVicky/sazumi-copilot,21796,21796,1,1,1,7,3,0,2025-01-01 00:01:31 UTC,2025-07-02 07:50:58 UTC
idaholab/repository-statistics,21793,59917,2.7,4,2,12,0,0,2025-01-01 00:07:28 UTC,2025-12-27 11:28:13 UTC
GeekCornerGH/status-page,21720,52044,2.4,3,1,12,0,0,2025-01-01 01:08:32 UTC,2025-12-31 23:32:07 UTC
UltracoldAtomsLab/weather_log,21490,17985,0.8,9,1,12,0,0,2025-01-01 00:00:05 UTC,2025-12-31 23:45:05 UTC
wouterbles/tennet-afrr-archive,21466,17689,0.8,1,1,12,0,0,2025-01-16 14:00:09 UTC,2025-12-31 23:30:57 UTC
prank-arum/Feeds,21386,19650,0.9,279,1,12,0,0,2025-01-01 01:41:41 UTC,2025-12-31 22:28:59 UTC
Koniverse/Static-Data-Caching,21277,17766,0.8,4,6,12,0,0,2025-01-01 01:24:28 UTC,2025-12-31 23:53:33 UTC
Tu-10/Bans,21234,19886,0.9,1,1,9,0,0,2025-03-07 04:56:51 UTC,2025-11-15 23:34:36 UTC
Azure/azure-docs-sdk-dotnet,21199,22498,1.1,343,5,5,7,13,2025-01-01 01:31:03 UTC,2025-05-15 02:52:25 UTC
iougemini/ikms-uptime,21105,42566,2,15,1,12,0,0,2025-01-01 00:43:44 UTC,2025-12-31 23:36:50 UTC
